ID,generated
TEST_0000,0.010578271
TEST_0001,0.6529005
TEST_0002,0.011634185
TEST_0003,0.060531534
TEST_0004,0.03604512
TEST_0005,0.9279345
TEST_0006,0.4708606
TEST_0007,0.020289797
TEST_0008,0.05871968
TEST_0009,0.0078573935
TEST_0010,0.008295767
TEST_0011,0.013880712
TEST_0012,0.20400406
TEST_0013,0.0104348045
TEST_0014,0.008670689
TEST_0015,0.008720197
TEST_0016,0.009467344
TEST_0017,0.12653832
TEST_0018,0.041061085
TEST_0019,0.58594495
TEST_0020,0.0061794873
TEST_0021,0.018358566
TEST_0022,0.014503336
TEST_0023,0.013883441
TEST_0024,0.011775246
TEST_0025,0.009467979
TEST_0026,0.92138815
TEST_0027,0.98188424
TEST_0028,0.008029879
TEST_0029,0.013251323
TEST_0030,0.0058287447
TEST_0031,0.107090496
TEST_0032,0.52870667
TEST_0033,0.0068077412
TEST_0034,0.011194012
TEST_0035,0.011934787
TEST_0036,0.008835662
TEST_0037,0.009765337
TEST_0038,0.9912599
TEST_0039,0.48321742
TEST_0040,0.27285296
TEST_0041,0.032702006
TEST_0042,0.24244973
TEST_0043,0.9698064
TEST_0044,0.0120167
TEST_0045,0.0064859157
TEST_0046,0.7825594
TEST_0047,0.1702951
TEST_0048,0.012010758
TEST_0049,0.99000204
TEST_0050,0.99370813
TEST_0051,0.9971155
TEST_0052,0.9869392
TEST_0053,0.99928975
TEST_0054,0.029382706
TEST_0055,0.02119601
TEST_0056,0.9925269
TEST_0057,0.026960997
TEST_0058,0.011694741
TEST_0059,0.0068707205
TEST_0060,0.010835925
TEST_0061,0.0076767574
TEST_0062,0.94417894
TEST_0063,0.010039717
TEST_0064,0.008015087
TEST_0065,0.08697439
TEST_0066,0.03338025
TEST_0067,0.006429147
TEST_0068,0.036475774
TEST_0069,0.0120904995
TEST_0070,0.01811299
TEST_0071,0.021537876
TEST_0072,0.008019362
TEST_0073,0.028957386
TEST_0074,0.008543321
TEST_0075,0.014410814
TEST_0076,0.0151721975
TEST_0077,0.007459796
TEST_0078,0.011148346
TEST_0079,0.16901495
TEST_0080,0.011801519
TEST_0081,0.008563167
TEST_0082,0.98059285
TEST_0083,0.008104131
TEST_0084,0.006786987
TEST_0085,0.037740227
TEST_0086,0.008060276
TEST_0087,0.038321577
TEST_0088,0.9927886
TEST_0089,0.02251893
TEST_0090,0.94101375
TEST_0091,0.70738274
TEST_0092,0.9909402
TEST_0093,0.98131853
TEST_0094,0.02355022
TEST_0095,0.009633661
TEST_0096,0.016206352
TEST_0097,0.009219949
TEST_0098,0.02260167
TEST_0099,0.97743887
TEST_0100,0.020606015
TEST_0101,0.0073937136
TEST_0102,0.006453634
TEST_0103,0.005873569
TEST_0104,0.010864143
TEST_0105,0.26497832
TEST_0106,0.011040035
TEST_0107,0.9891879
TEST_0108,0.9293847
TEST_0109,0.010463417
TEST_0110,0.016793827
TEST_0111,0.006720984
TEST_0112,0.006469694
TEST_0113,0.0095828185
TEST_0114,0.027426057
TEST_0115,0.009429526
TEST_0116,0.03688333
TEST_0117,0.007095051
TEST_0118,0.027814958
TEST_0119,0.012048715
TEST_0120,0.0079208445
TEST_0121,0.0055127447
TEST_0122,0.019580362
TEST_0123,0.026235316
TEST_0124,0.005867575
TEST_0125,0.9914547
TEST_0126,0.009640944
TEST_0127,0.0118860835
TEST_0128,0.0129517075
TEST_0129,0.915892
TEST_0130,0.0062930207
TEST_0131,0.7633626
TEST_0132,0.012309045
TEST_0133,0.012269316
TEST_0134,0.014841371
TEST_0135,0.02375409
TEST_0136,0.006476164
TEST_0137,0.0084429635
TEST_0138,0.8428053
TEST_0139,0.006297853
TEST_0140,0.006788369
TEST_0141,0.010402819
TEST_0142,0.059565153
TEST_0143,0.0065821125
TEST_0144,0.006835314
TEST_0145,0.025414266
TEST_0146,0.05450071
TEST_0147,0.03484574
TEST_0148,0.008566923
TEST_0149,0.9966484
TEST_0150,0.99798346
TEST_0151,0.98872244
TEST_0152,0.9961325
TEST_0153,0.99831474
TEST_0154,0.99902105
TEST_0155,0.98984283
TEST_0156,0.9923211
TEST_0157,0.01672395
TEST_0158,0.024954544
TEST_0159,0.007926227
TEST_0160,0.006584673
TEST_0161,0.007939948
TEST_0162,0.0060122185
TEST_0163,0.0059361737
TEST_0164,0.0062680994
TEST_0165,0.0057699876
TEST_0166,0.051677074
TEST_0167,0.005700567
TEST_0168,0.0068374705
TEST_0169,0.9796846
TEST_0170,0.99009526
TEST_0171,0.99382037
TEST_0172,0.9961647
TEST_0173,0.990312
TEST_0174,0.9986179
TEST_0175,0.014765652
TEST_0176,0.0063778087
TEST_0177,0.0057456926
TEST_0178,0.005999403
TEST_0179,0.0069485875
TEST_0180,0.93681395
TEST_0181,0.0134435
TEST_0182,0.9546723
TEST_0183,0.9808599
TEST_0184,0.024180766
TEST_0185,0.9711355
TEST_0186,0.22628433
TEST_0187,0.014353159
TEST_0188,0.10072786
TEST_0189,0.0067381375
TEST_0190,0.022253685
TEST_0191,0.0074041076
TEST_0192,0.990888
TEST_0193,0.008329474
TEST_0194,0.0060015875
TEST_0195,0.017377285
TEST_0196,0.010084973
TEST_0197,0.06939493
TEST_0198,0.50042623
TEST_0199,0.99559927
TEST_0200,0.006212702
TEST_0201,0.55888355
TEST_0202,0.0072072186
TEST_0203,0.007883891
TEST_0204,0.025654735
TEST_0205,0.008842273
TEST_0206,0.9101068
TEST_0207,0.0061937887
TEST_0208,0.00896991
TEST_0209,0.79615194
TEST_0210,0.0062722703
TEST_0211,0.00896991
TEST_0212,0.11006462
TEST_0213,0.56854856
TEST_0214,0.01411291
TEST_0215,0.9727921
TEST_0216,0.0076543777
TEST_0217,0.015207549
TEST_0218,0.008057245
TEST_0219,0.038212307
TEST_0220,0.2135736
TEST_0221,0.8611339
TEST_0222,0.024614772
TEST_0223,0.04636843
TEST_0224,0.07651058
TEST_0225,0.010232904
TEST_0226,0.018218227
TEST_0227,0.016307862
TEST_0228,0.022114858
TEST_0229,0.006992496
TEST_0230,0.010141989
TEST_0231,0.029821754
TEST_0232,0.91460073
TEST_0233,0.057037126
TEST_0234,0.00790391
TEST_0235,0.011360487
TEST_0236,0.03299944
TEST_0237,0.011561381
TEST_0238,0.0076536317
TEST_0239,0.012041095
TEST_0240,0.7100719
TEST_0241,0.008120828
TEST_0242,0.006116392
TEST_0243,0.013031783
TEST_0244,0.009899989
TEST_0245,0.0069184084
TEST_0246,0.009853099
TEST_0247,0.031430442
TEST_0248,0.99054116
TEST_0249,0.010370329
TEST_0250,0.05741286
TEST_0251,0.050300088
TEST_0252,0.010499926
TEST_0253,0.014905551
TEST_0254,0.057805076
TEST_0255,0.31747445
TEST_0256,0.1700189
TEST_0257,0.98526555
TEST_0258,0.02582844
TEST_0259,0.029660808
TEST_0260,0.059927855
TEST_0261,0.00690441
TEST_0262,0.019991951
TEST_0263,0.19955575
TEST_0264,0.03335313
TEST_0265,0.042721283
TEST_0266,0.55314136
TEST_0267,0.0063765366
TEST_0268,0.13388093
TEST_0269,0.0082501
TEST_0270,0.027532995
TEST_0271,0.010419628
TEST_0272,0.011571209
TEST_0273,0.0061520273
TEST_0274,0.53720355
TEST_0275,0.049435645
TEST_0276,0.010209739
TEST_0277,0.008358379
TEST_0278,0.017923983
TEST_0279,0.23878899
TEST_0280,0.016950201
TEST_0281,0.0060686828
TEST_0282,0.006409118
TEST_0283,0.0058808206
TEST_0284,0.007931414
TEST_0285,0.044798274
TEST_0286,0.9984982
TEST_0287,0.009956056
TEST_0288,0.9994698
TEST_0289,0.99630004
TEST_0290,0.9927222
TEST_0291,0.97262144
TEST_0292,0.9984401
TEST_0293,0.9865514
TEST_0294,0.023657564
TEST_0295,0.010902764
TEST_0296,0.26732668
TEST_0297,0.009951103
TEST_0298,0.99469626
TEST_0299,0.9982218
TEST_0300,0.9973349
TEST_0301,0.99106896
TEST_0302,0.07562468
TEST_0303,0.9887898
TEST_0304,0.010481834
TEST_0305,0.9946684
TEST_0306,0.99773103
TEST_0307,0.9989907
TEST_0308,0.99860805
TEST_0309,0.9991223
TEST_0310,0.9991579
TEST_0311,0.9937262
TEST_0312,0.9961947
TEST_0313,0.9973278
TEST_0314,0.99917525
TEST_0315,0.9956131
TEST_0316,0.010375107
TEST_0317,0.93073094
TEST_0318,0.9960412
TEST_0319,0.038591925
TEST_0320,0.008804972
TEST_0321,0.9930548
TEST_0322,0.9042999
TEST_0323,0.009113237
TEST_0324,0.31268382
TEST_0325,0.012225165
TEST_0326,0.01360646
TEST_0327,0.9760316
TEST_0328,0.99356294
TEST_0329,0.9475696
TEST_0330,0.021870963
TEST_0331,0.00628139
TEST_0332,0.04616795
TEST_0333,0.9911186
TEST_0334,0.9684173
TEST_0335,0.9737422
TEST_0336,0.9977082
TEST_0337,0.03254313
TEST_0338,0.01055252
TEST_0339,0.022139492
TEST_0340,0.62004447
TEST_0341,0.9913374
TEST_0342,0.99449736
TEST_0343,0.9860372
TEST_0344,0.99751055
TEST_0345,0.9990877
TEST_0346,0.99789315
TEST_0347,0.9962149
TEST_0348,0.9949568
TEST_0349,0.993741
TEST_0350,0.99865216
TEST_0351,0.99891865
TEST_0352,0.99789315
TEST_0353,0.257775
TEST_0354,0.02925534
TEST_0355,0.011590368
TEST_0356,0.9575622
TEST_0357,0.007116454
TEST_0358,0.018118817
TEST_0359,0.015778184
TEST_0360,0.043858662
TEST_0361,0.7784069
TEST_0362,0.0070818677
TEST_0363,0.182212
TEST_0364,0.007787563
TEST_0365,0.013777283
TEST_0366,0.06873017
TEST_0367,0.011074302
TEST_0368,0.04245029
TEST_0369,0.018004986
TEST_0370,0.013217179
TEST_0371,0.26956066
TEST_0372,0.015858186
TEST_0373,0.029920127
TEST_0374,0.040154863
TEST_0375,0.01432002
TEST_0376,0.20333813
TEST_0377,0.11359764
TEST_0378,0.98708445
TEST_0379,0.44073346
TEST_0380,0.5780951
TEST_0381,0.9822954
TEST_0382,0.9909388
TEST_0383,0.023422617
TEST_0384,0.01771722
TEST_0385,0.0419544
TEST_0386,0.036555987
TEST_0387,0.07584518
TEST_0388,0.0065714987
TEST_0389,0.74048764
TEST_0390,0.059691425
TEST_0391,0.9933796
TEST_0392,0.10003893
TEST_0393,0.029567454
TEST_0394,0.9905319
TEST_0395,0.9925524
TEST_0396,0.99107176
TEST_0397,0.98257256
TEST_0398,0.082423754
TEST_0399,0.09624602
TEST_0400,0.9694625
TEST_0401,0.055629976
TEST_0402,0.7172777
TEST_0403,0.30117902
TEST_0404,0.99475694
TEST_0405,0.050763577
TEST_0406,0.9919395
TEST_0407,0.021332402
TEST_0408,0.0062199724
TEST_0409,0.016386883
TEST_0410,0.018035335
TEST_0411,0.034745514
TEST_0412,0.9967332
TEST_0413,0.007693091
TEST_0414,0.01842699
TEST_0415,0.9900006
TEST_0416,0.009464957
TEST_0417,0.8690969
TEST_0418,0.9873152
TEST_0419,0.007637077
TEST_0420,0.9939336
TEST_0421,0.02706172
TEST_0422,0.99218243
TEST_0423,0.8331498
TEST_0424,0.022833787
TEST_0425,0.9883686
TEST_0426,0.047120724
TEST_0427,0.03670355
TEST_0428,0.027194856
TEST_0429,0.16487959
TEST_0430,0.97978103
TEST_0431,0.9969087
TEST_0432,0.03666916
TEST_0433,0.542938
TEST_0434,0.018045167
TEST_0435,0.9965287
TEST_0436,0.99792624
TEST_0437,0.9928838
TEST_0438,0.97353417
TEST_0439,0.17778344
TEST_0440,0.9985403
TEST_0441,0.9660135
TEST_0442,0.02919306
TEST_0443,0.98947024
TEST_0444,0.96417105
TEST_0445,0.037145436
TEST_0446,0.90496504
TEST_0447,0.5623067
TEST_0448,0.99082327
TEST_0449,0.25581813
TEST_0450,0.9892454
TEST_0451,0.9982527
TEST_0452,0.3230308
TEST_0453,0.97460157
TEST_0454,0.99547476
TEST_0455,0.97576016
TEST_0456,0.0075813374
TEST_0457,0.99657863
TEST_0458,0.024138976
TEST_0459,0.017996067
TEST_0460,0.08646443
TEST_0461,0.045200422
TEST_0462,0.105094194
TEST_0463,0.055867393
TEST_0464,0.09514812
TEST_0465,0.011748642
TEST_0466,0.008946305
TEST_0467,0.017627098
TEST_0468,0.98594266
TEST_0469,0.0096308
TEST_0470,0.08135842
TEST_0471,0.011284423
TEST_0472,0.015452543
TEST_0473,0.009481503
TEST_0474,0.9654376
TEST_0475,0.0132911615
TEST_0476,0.009637247
TEST_0477,0.1057581
TEST_0478,0.83857584
TEST_0479,0.9915582
TEST_0480,0.0089852
TEST_0481,0.02985781
TEST_0482,0.0152608715
TEST_0483,0.021934545
TEST_0484,0.9080792
TEST_0485,0.98512626
TEST_0486,0.9966826
TEST_0487,0.37921908
TEST_0488,0.047456462
TEST_0489,0.009612068
TEST_0490,0.14696681
TEST_0491,0.028981261
TEST_0492,0.98417354
TEST_0493,0.9109993
TEST_0494,0.26117408
TEST_0495,0.16174755
TEST_0496,0.032802653
TEST_0497,0.009119526
TEST_0498,0.01201568
TEST_0499,0.032741264
TEST_0500,0.012664741
TEST_0501,0.99755245
TEST_0502,0.00986325
TEST_0503,0.99711585
TEST_0504,0.34060735
TEST_0505,0.895472
TEST_0506,0.03582779
TEST_0507,0.01516825
TEST_0508,0.01346711
TEST_0509,0.24029393
TEST_0510,0.8868259
TEST_0511,0.8557235
TEST_0512,0.0325272
TEST_0513,0.083584644
TEST_0514,0.13889237
TEST_0515,0.06389117
TEST_0516,0.008730685
TEST_0517,0.9470497
TEST_0518,0.4286693
TEST_0519,0.013544134
TEST_0520,0.011520942
TEST_0521,0.0850951
TEST_0522,0.020446584
TEST_0523,0.019521417
TEST_0524,0.43603092
TEST_0525,0.011088739
TEST_0526,0.013145442
TEST_0527,0.98865116
TEST_0528,0.011085889
TEST_0529,0.011982306
TEST_0530,0.009154048
TEST_0531,0.034148574
TEST_0532,0.968873
TEST_0533,0.7944791
TEST_0534,0.9898811
TEST_0535,0.074980184
TEST_0536,0.22485292
TEST_0537,0.0414399
TEST_0538,0.019337296
TEST_0539,0.0070592114
TEST_0540,0.84939784
TEST_0541,0.33821273
TEST_0542,0.0074504386
TEST_0543,0.026438672
TEST_0544,0.017860752
TEST_0545,0.03987526
TEST_0546,0.9900412
TEST_0547,0.888811
TEST_0548,0.99350387
TEST_0549,0.009901279
TEST_0550,0.015771907
TEST_0551,0.7461867
TEST_0552,0.0154994065
TEST_0553,0.024509775
TEST_0554,0.023068048
TEST_0555,0.016099514
TEST_0556,0.0073691076
TEST_0557,0.018295426
TEST_0558,0.008042149
TEST_0559,0.015357956
TEST_0560,0.021113234
TEST_0561,0.71757257
TEST_0562,0.5328564
TEST_0563,0.23169966
TEST_0564,0.048907973
TEST_0565,0.6098513
TEST_0566,0.014147111
TEST_0567,0.03236509
TEST_0568,0.49278355
TEST_0569,0.050320342
TEST_0570,0.8621277
TEST_0571,0.06344087
TEST_0572,0.93062633
TEST_0573,0.7030273
TEST_0574,0.011812897
TEST_0575,0.011070778
TEST_0576,0.99863964
TEST_0577,0.04992053
TEST_0578,0.27569818
TEST_0579,0.024112467
TEST_0580,0.9985057
TEST_0581,0.052628655
TEST_0582,0.01530325
TEST_0583,0.99329233
TEST_0584,0.0072551565
TEST_0585,0.0088051725
TEST_0586,0.015511443
TEST_0587,0.19860628
TEST_0588,0.832343
TEST_0589,0.7834887
TEST_0590,0.95920956
TEST_0591,0.95353353
TEST_0592,0.07501847
TEST_0593,0.9895672
TEST_0594,0.008757857
TEST_0595,0.9885881
TEST_0596,0.012976969
TEST_0597,0.012397825
TEST_0598,0.009710632
TEST_0599,0.025294501
TEST_0600,0.19477306
TEST_0601,0.024515344
TEST_0602,0.013948153
TEST_0603,0.0137680005
TEST_0604,0.018167999
TEST_0605,0.71542567
TEST_0606,0.01605625
TEST_0607,0.012228907
TEST_0608,0.8668594
TEST_0609,0.011348681
TEST_0610,0.022505948
TEST_0611,0.9904089
TEST_0612,0.016114717
TEST_0613,0.008545606
TEST_0614,0.027788524
TEST_0615,0.011963933
TEST_0616,0.009466128
TEST_0617,0.94229174
TEST_0618,0.97347915
TEST_0619,0.07753358
TEST_0620,0.013404574
TEST_0621,0.022123685
TEST_0622,0.041975316
TEST_0623,0.01171712
TEST_0624,0.015570726
TEST_0625,0.014147551
TEST_0626,0.0067741415
TEST_0627,0.056134816
TEST_0628,0.0069503183
TEST_0629,0.0060956352
TEST_0630,0.008456747
TEST_0631,0.033706654
TEST_0632,0.017745173
TEST_0633,0.8496625
TEST_0634,0.026865179
TEST_0635,0.007158619
TEST_0636,0.008913009
TEST_0637,0.015186353
TEST_0638,0.0058563147
TEST_0639,0.0062943385
TEST_0640,0.021425622
TEST_0641,0.017163213
TEST_0642,0.018578235
TEST_0643,0.0075295926
TEST_0644,0.036885798
TEST_0645,0.11995411
TEST_0646,0.015652545
TEST_0647,0.01962982
TEST_0648,0.029102502
TEST_0649,0.045233928
TEST_0650,0.027433904
TEST_0651,0.011061734
TEST_0652,0.013369406
TEST_0653,0.48464614
TEST_0654,0.0069121732
TEST_0655,0.008312763
TEST_0656,0.008905359
TEST_0657,0.00867037
TEST_0658,0.018877368
TEST_0659,0.007584104
TEST_0660,0.0063929353
TEST_0661,0.008931985
TEST_0662,0.9419448
TEST_0663,0.83244467
TEST_0664,0.9876916
TEST_0665,0.2908914
TEST_0666,0.37074786
TEST_0667,0.1935889
TEST_0668,0.74360037
TEST_0669,0.010040077
TEST_0670,0.9698232
TEST_0671,0.6341336
TEST_0672,0.9836262
TEST_0673,0.031073714
TEST_0674,0.15418974
TEST_0675,0.9478894
TEST_0676,0.39290372
TEST_0677,0.8399782
TEST_0678,0.016781146
TEST_0679,0.0890278
TEST_0680,0.5638369
TEST_0681,0.8381527
TEST_0682,0.97820455
TEST_0683,0.15162009
TEST_0684,0.18977956
TEST_0685,0.023774894
TEST_0686,0.24969344
TEST_0687,0.3602713
TEST_0688,0.4866817
TEST_0689,0.019935474
TEST_0690,0.016007405
TEST_0691,0.9663049
TEST_0692,0.52780366
TEST_0693,0.038158003
TEST_0694,0.020640036
TEST_0695,0.85286504
TEST_0696,0.02397162
TEST_0697,0.21268286
TEST_0698,0.5453686
TEST_0699,0.030042328
TEST_0700,0.2328896
TEST_0701,0.0153032355
TEST_0702,0.014891666
TEST_0703,0.013482056
TEST_0704,0.0139406
TEST_0705,0.9664842
TEST_0706,0.09687224
TEST_0707,0.9953382
TEST_0708,0.01632786
TEST_0709,0.98116565
TEST_0710,0.9936592
TEST_0711,0.9946144
TEST_0712,0.936752
TEST_0713,0.76109093
TEST_0714,0.01325734
TEST_0715,0.022958517
TEST_0716,0.017889744
TEST_0717,0.010409562
TEST_0718,0.95692474
TEST_0719,0.93693274
TEST_0720,0.046718203
TEST_0721,0.022185722
TEST_0722,0.98630047
TEST_0723,0.049347885
TEST_0724,0.10580159
TEST_0725,0.025613151
TEST_0726,0.015030708
TEST_0727,0.022964422
TEST_0728,0.025361452
TEST_0729,0.023240337
TEST_0730,0.011675395
TEST_0731,0.01658588
TEST_0732,0.9242803
TEST_0733,0.93514854
TEST_0734,0.059475135
TEST_0735,0.9202594
TEST_0736,0.0153852
TEST_0737,0.011825612
TEST_0738,0.02124058
TEST_0739,0.9182922
TEST_0740,0.77652806
TEST_0741,0.007152162
TEST_0742,0.035972606
TEST_0743,0.19361931
TEST_0744,0.03359017
TEST_0745,0.114408135
TEST_0746,0.013549549
TEST_0747,0.08620897
TEST_0748,0.98012334
TEST_0749,0.9884426
TEST_0750,0.009178764
TEST_0751,0.008733137
TEST_0752,0.97016644
TEST_0753,0.9723583
TEST_0754,0.98042417
TEST_0755,0.00817547
TEST_0756,0.013348012
TEST_0757,0.14482075
TEST_0758,0.98441863
TEST_0759,0.03404506
TEST_0760,0.015246702
TEST_0761,0.10433128
TEST_0762,0.74166435
TEST_0763,0.83888495
TEST_0764,0.9802961
TEST_0765,0.016435359
TEST_0766,0.29927385
TEST_0767,0.37382358
TEST_0768,0.02532251
TEST_0769,0.6572636
TEST_0770,0.046511166
TEST_0771,0.017517507
TEST_0772,0.9698065
TEST_0773,0.008129275
TEST_0774,0.038123615
TEST_0775,0.2816326
TEST_0776,0.04577217
TEST_0777,0.017889751
TEST_0778,0.0085680345
TEST_0779,0.01208348
TEST_0780,0.020963771
TEST_0781,0.9891811
TEST_0782,0.008575011
TEST_0783,0.047626883
TEST_0784,0.059668828
TEST_0785,0.012091929
TEST_0786,0.008577089
TEST_0787,0.05478701
TEST_0788,0.013385298
TEST_0789,0.009369401
TEST_0790,0.010335017
TEST_0791,0.9708099
TEST_0792,0.011132742
TEST_0793,0.023395387
TEST_0794,0.007949659
TEST_0795,0.020373333
TEST_0796,0.0257947
TEST_0797,0.028244155
TEST_0798,0.028319225
TEST_0799,0.28547356
TEST_0800,0.25285214
TEST_0801,0.40872926
TEST_0802,0.1749146
TEST_0803,0.77026844
TEST_0804,0.013592843
TEST_0805,0.009386762
TEST_0806,0.01166274
TEST_0807,0.027611783
TEST_0808,0.010382336
TEST_0809,0.91551334
TEST_0810,0.94318604
TEST_0811,0.048278987
TEST_0812,0.97697395
TEST_0813,0.03306536
TEST_0814,0.023310823
TEST_0815,0.013828593
TEST_0816,0.0450442
TEST_0817,0.2915972
TEST_0818,0.09729818
TEST_0819,0.34644276
TEST_0820,0.07071083
TEST_0821,0.92022264
TEST_0822,0.27884328
TEST_0823,0.012027222
TEST_0824,0.015417225
TEST_0825,0.012456144
TEST_0826,0.025363436
TEST_0827,0.021185098
TEST_0828,0.018377757
TEST_0829,0.020436376
TEST_0830,0.03304058
TEST_0831,0.016193427
TEST_0832,0.57072145
TEST_0833,0.43838015
TEST_0834,0.11729545
TEST_0835,0.96231395
TEST_0836,0.98992306
TEST_0837,0.022638513
TEST_0838,0.035167124
TEST_0839,0.015169902
TEST_0840,0.9300578
TEST_0841,0.036287196
TEST_0842,0.7890376
TEST_0843,0.9926964
TEST_0844,0.97875583
TEST_0845,0.010174171
TEST_0846,0.011404026
TEST_0847,0.102699265
TEST_0848,0.026401497
TEST_0849,0.9831792
TEST_0850,0.5729963
TEST_0851,0.026654258
TEST_0852,0.9929276
TEST_0853,0.008057531
TEST_0854,0.9494383
TEST_0855,0.023081427
TEST_0856,0.007875142
TEST_0857,0.010379778
TEST_0858,0.026397724
TEST_0859,0.9796936
TEST_0860,0.9229982
TEST_0861,0.008433202
TEST_0862,0.009424561
TEST_0863,0.96685576
TEST_0864,0.017383123
TEST_0865,0.88168126
TEST_0866,0.0076986225
TEST_0867,0.79727644
TEST_0868,0.012799012
TEST_0869,0.9874529
TEST_0870,0.9656047
TEST_0871,0.9788285
TEST_0872,0.031748462
TEST_0873,0.01290161
TEST_0874,0.011805915
TEST_0875,0.933902
TEST_0876,0.033568367
TEST_0877,0.9617927
TEST_0878,0.4595176
TEST_0879,0.9681552
TEST_0880,0.24414626
TEST_0881,0.05286657
TEST_0882,0.98662066
TEST_0883,0.07617119
TEST_0884,0.8815405
TEST_0885,0.012657082
TEST_0886,0.91335815
TEST_0887,0.027197815
TEST_0888,0.94398123
TEST_0889,0.99461293
TEST_0890,0.08898066
TEST_0891,0.9945469
TEST_0892,0.9148369
TEST_0893,0.10759286
TEST_0894,0.008276657
TEST_0895,0.0171581
TEST_0896,0.00633239
TEST_0897,0.34985834
TEST_0898,0.012530604
TEST_0899,0.016317924
TEST_0900,0.98596734
TEST_0901,0.014765487
TEST_0902,0.019826096
TEST_0903,0.99053544
TEST_0904,0.99495196
TEST_0905,0.2971957
TEST_0906,0.045684166
TEST_0907,0.9945363
TEST_0908,0.9987716
TEST_0909,0.010840464
TEST_0910,0.99474096
TEST_0911,0.010930928
TEST_0912,0.006756404
TEST_0913,0.55080515
TEST_0914,0.0073790015
TEST_0915,0.013014106
TEST_0916,0.023066496
TEST_0917,0.9897802
TEST_0918,0.972938
TEST_0919,0.13520233
TEST_0920,0.008688955
TEST_0921,0.28597242
TEST_0922,0.0103686955
TEST_0923,0.01244688
TEST_0924,0.65419227
TEST_0925,0.015199766
TEST_0926,0.22350632
TEST_0927,0.99523157
TEST_0928,0.013605943
TEST_0929,0.07967735
TEST_0930,0.8302016
TEST_0931,0.9822089
TEST_0932,0.99302435
TEST_0933,0.018749807
TEST_0934,0.21915409
TEST_0935,0.027795333
TEST_0936,0.03719897
TEST_0937,0.95201457
TEST_0938,0.9909837
TEST_0939,0.1565313
TEST_0940,0.027868364
TEST_0941,0.03284157
TEST_0942,0.19054002
TEST_0943,0.08820246
TEST_0944,0.9796061
TEST_0945,0.13485654
TEST_0946,0.99009365
TEST_0947,0.9864971
TEST_0948,0.024568658
TEST_0949,0.8883353
TEST_0950,0.06298578
TEST_0951,0.32305714
TEST_0952,0.007043106
TEST_0953,0.006654356
TEST_0954,0.0089317
TEST_0955,0.110935375
TEST_0956,0.8710809
TEST_0957,0.019658487
TEST_0958,0.97779775
TEST_0959,0.36180142
TEST_0960,0.049340013
TEST_0961,0.28426614
TEST_0962,0.0659188
TEST_0963,0.012853664
TEST_0964,0.9745438
TEST_0965,0.17711185
TEST_0966,0.0158143
TEST_0967,0.06873721
TEST_0968,0.8073804
TEST_0969,0.33177143
TEST_0970,0.11989371
TEST_0971,0.02145652
TEST_0972,0.03236353
TEST_0973,0.00901267
TEST_0974,0.021959055
TEST_0975,0.05623943
TEST_0976,0.017631171
TEST_0977,0.9903824
TEST_0978,0.99296314
TEST_0979,0.0058292146
TEST_0980,0.992603
TEST_0981,0.73326886
TEST_0982,0.93337303
TEST_0983,0.010950514
TEST_0984,0.03806878
TEST_0985,0.016880607
TEST_0986,0.009696473
TEST_0987,0.0074507142
TEST_0988,0.9938645
TEST_0989,0.8357223
TEST_0990,0.9890751
TEST_0991,0.94104826
TEST_0992,0.011081101
TEST_0993,0.99088013
TEST_0994,0.02376385
TEST_0995,0.030543547
TEST_0996,0.009224432
TEST_0997,0.958319
TEST_0998,0.98150223
TEST_0999,0.04186774
TEST_1000,0.99548054
TEST_1001,0.21828797
TEST_1002,0.050673455
TEST_1003,0.04129139
TEST_1004,0.9908037
TEST_1005,0.014051862
TEST_1006,0.026065523
TEST_1007,0.08812645
TEST_1008,0.99535674
TEST_1009,0.90311724
TEST_1010,0.9892056
TEST_1011,0.966457
TEST_1012,0.89641494
TEST_1013,0.016717767
TEST_1014,0.13232408
TEST_1015,0.018706072
TEST_1016,0.9947961
TEST_1017,0.86132395
TEST_1018,0.016615352
TEST_1019,0.016890176
TEST_1020,0.021522792
TEST_1021,0.011270196
TEST_1022,0.05193008
TEST_1023,0.013410275
TEST_1024,0.033146117
TEST_1025,0.021203315
TEST_1026,0.9639853
TEST_1027,0.024067013
TEST_1028,0.015563323
TEST_1029,0.97378176
TEST_1030,0.04813416
TEST_1031,0.99049056
TEST_1032,0.18677701
TEST_1033,0.23597722
TEST_1034,0.3260489
TEST_1035,0.12661615
TEST_1036,0.028274495
TEST_1037,0.20482278
TEST_1038,0.9651532
TEST_1039,0.027280683
TEST_1040,0.98710364
TEST_1041,0.008686406
TEST_1042,0.89493424
TEST_1043,0.27385584
TEST_1044,0.93317723
TEST_1045,0.0339153
TEST_1046,0.98554385
TEST_1047,0.33300737
TEST_1048,0.9906563
TEST_1049,0.64966196
TEST_1050,0.9950524
TEST_1051,0.0377303
TEST_1052,0.88411725
TEST_1053,0.034659065
TEST_1054,0.011285594
TEST_1055,0.01909088
TEST_1056,0.06492004
TEST_1057,0.011480421
TEST_1058,0.008378164
TEST_1059,0.7042884
TEST_1060,0.011065155
TEST_1061,0.036448054
TEST_1062,0.9956
TEST_1063,0.88059056
TEST_1064,0.9907437
TEST_1065,0.674466
TEST_1066,0.9765107
TEST_1067,0.0135010965
TEST_1068,0.045310173
TEST_1069,0.006859329
TEST_1070,0.008442951
TEST_1071,0.253689
TEST_1072,0.9816156
TEST_1073,0.9958442
TEST_1074,0.99458057
TEST_1075,0.009334917
TEST_1076,0.011087772
TEST_1077,0.008936282
TEST_1078,0.008139135
TEST_1079,0.007912559
TEST_1080,0.018755272
TEST_1081,0.00824978
TEST_1082,0.9101379
TEST_1083,0.97203237
TEST_1084,0.7424049
TEST_1085,0.992755
TEST_1086,0.124018
TEST_1087,0.5537048
TEST_1088,0.9194824
TEST_1089,0.999044
TEST_1090,0.9759064
TEST_1091,0.9923275
TEST_1092,0.036456417
TEST_1093,0.20530519
TEST_1094,0.91775405
TEST_1095,0.11038426
TEST_1096,0.974115
TEST_1097,0.96843463
TEST_1098,0.023213128
TEST_1099,0.9928617
TEST_1100,0.99506205
TEST_1101,0.20019475
TEST_1102,0.9558885
TEST_1103,0.7224384
TEST_1104,0.6879986
TEST_1105,0.8805261
TEST_1106,0.72519493
TEST_1107,0.584366
TEST_1108,0.9743525
TEST_1109,0.99519557
TEST_1110,0.049350083
TEST_1111,0.090365194
TEST_1112,0.01023329
TEST_1113,0.011799403
TEST_1114,0.063324295
TEST_1115,0.9830103
TEST_1116,0.007974131
TEST_1117,0.98405856
TEST_1118,0.007992182
TEST_1119,0.9725468
TEST_1120,0.011582548
TEST_1121,0.014022113
TEST_1122,0.994863
TEST_1123,0.98134524
TEST_1124,0.011767114
TEST_1125,0.4100707
TEST_1126,0.018599425
TEST_1127,0.042399142
TEST_1128,0.015128825
TEST_1129,0.013063786
TEST_1130,0.008129314
TEST_1131,0.023141151
TEST_1132,0.044927817
TEST_1133,0.9782938
TEST_1134,0.847272
TEST_1135,0.67290735
TEST_1136,0.99623483
TEST_1137,0.6218727
TEST_1138,0.39878985
TEST_1139,0.01328226
TEST_1140,0.71213686
TEST_1141,0.6268566
TEST_1142,0.98646057
TEST_1143,0.010845231
TEST_1144,0.009352819
TEST_1145,0.011456851
TEST_1146,0.0072932127
TEST_1147,0.008208537
TEST_1148,0.116040066
TEST_1149,0.029687302
TEST_1150,0.0072165458
TEST_1151,0.30115396
TEST_1152,0.01056022
TEST_1153,0.17677806
TEST_1154,0.72637844
TEST_1155,0.9901129
TEST_1156,0.9795322
TEST_1157,0.9963959
TEST_1158,0.9906681
TEST_1159,0.11497922
TEST_1160,0.03852878
TEST_1161,0.1735749
TEST_1162,0.98549366
TEST_1163,0.60748357
TEST_1164,0.9912259
TEST_1165,0.9890441
TEST_1166,0.7621425
TEST_1167,0.03292583
TEST_1168,0.033592947
TEST_1169,0.96598613
TEST_1170,0.98929137
TEST_1171,0.9804929
TEST_1172,0.013899372
TEST_1173,0.9463119
TEST_1174,0.032067183
TEST_1175,0.9579223
TEST_1176,0.13245773
TEST_1177,0.020149037
TEST_1178,0.96618515
TEST_1179,0.99276453
TEST_1180,0.8305287
TEST_1181,0.010441706
TEST_1182,0.97470814
TEST_1183,0.9755205
TEST_1184,0.035205435
TEST_1185,0.83646417
TEST_1186,0.96231216
TEST_1187,0.9773679
TEST_1188,0.78735524
TEST_1189,0.059048273
TEST_1190,0.0071570263
TEST_1191,0.0064365296
TEST_1192,0.0070554824
TEST_1193,0.69298536
TEST_1194,0.008561847
TEST_1195,0.012875815
TEST_1196,0.008805972
TEST_1197,0.04164733
TEST_1198,0.05069274
TEST_1199,0.3358012
TEST_1200,0.1928607
TEST_1201,0.25487247
TEST_1202,0.9867734
TEST_1203,0.4319687
TEST_1204,0.007531874
TEST_1205,0.97065574
TEST_1206,0.018401915
TEST_1207,0.3350582
TEST_1208,0.364828
TEST_1209,0.9217425
TEST_1210,0.021074688
TEST_1211,0.993418
TEST_1212,0.02698852
TEST_1213,0.018271675
TEST_1214,0.007824649
TEST_1215,0.08362322
TEST_1216,0.9471426
TEST_1217,0.041557133
TEST_1218,0.20549603
TEST_1219,0.008285735
TEST_1220,0.013928669
TEST_1221,0.9918507
TEST_1222,0.05927849
TEST_1223,0.008488686
TEST_1224,0.9935654
TEST_1225,0.030456314
TEST_1226,0.7396444
TEST_1227,0.49896488
TEST_1228,0.026945492
TEST_1229,0.9907156
TEST_1230,0.02413711
TEST_1231,0.6302456
TEST_1232,0.009476757
TEST_1233,0.04167897
TEST_1234,0.97857714
TEST_1235,0.056784548
TEST_1236,0.026552211
TEST_1237,0.28089988
TEST_1238,0.0110439705
TEST_1239,0.032752134
TEST_1240,0.13534594
TEST_1241,0.017438693
TEST_1242,0.024137575
TEST_1243,0.2348727
TEST_1244,0.764417
TEST_1245,0.9430712
TEST_1246,0.88914543
TEST_1247,0.08172405
TEST_1248,0.011485638
TEST_1249,0.010670417
TEST_1250,0.05200896
TEST_1251,0.02083688
TEST_1252,0.008329778
TEST_1253,0.9950262
TEST_1254,0.9985662
TEST_1255,0.015786953
TEST_1256,0.9924522
TEST_1257,0.02331427
TEST_1258,0.024690103
TEST_1259,0.025911571
TEST_1260,0.6197036
TEST_1261,0.022260299
TEST_1262,0.9880144
TEST_1263,0.008227413
TEST_1264,0.022287434
TEST_1265,0.015954562
TEST_1266,0.02095564
TEST_1267,0.99371594
TEST_1268,0.99399006
TEST_1269,0.77091473
TEST_1270,0.14854895
TEST_1271,0.042645488
TEST_1272,0.10052377
TEST_1273,0.111607715
TEST_1274,0.027244607
TEST_1275,0.104167
TEST_1276,0.8772428
TEST_1277,0.010285874
TEST_1278,0.016303074
TEST_1279,0.06859831
TEST_1280,0.010059452
TEST_1281,0.4264078
TEST_1282,0.0138463965
TEST_1283,0.9913809
TEST_1284,0.9764715
TEST_1285,0.9929892
TEST_1286,0.058591936
TEST_1287,0.016287183
TEST_1288,0.5200168
TEST_1289,0.9932985
TEST_1290,0.022761941
TEST_1291,0.5214207
TEST_1292,0.021976389
TEST_1293,0.025031848
TEST_1294,0.055100046
TEST_1295,0.016602058
TEST_1296,0.024053898
TEST_1297,0.0078402795
TEST_1298,0.011739471
TEST_1299,0.021487134
TEST_1300,0.03535887
TEST_1301,0.9928872
TEST_1302,0.05167838
TEST_1303,0.9012259
TEST_1304,0.043849267
TEST_1305,0.03864091
TEST_1306,0.022144927
TEST_1307,0.4196885
TEST_1308,0.9661696
TEST_1309,0.032050677
TEST_1310,0.017104276
TEST_1311,0.95086175
TEST_1312,0.028400755
TEST_1313,0.9966366
TEST_1314,0.42967075
TEST_1315,0.9964721
TEST_1316,0.94574195
TEST_1317,0.021652406
TEST_1318,0.9746962
TEST_1319,0.04447609
TEST_1320,0.01762724
TEST_1321,0.9986694
TEST_1322,0.8452716
TEST_1323,0.9561209
TEST_1324,0.97575086
TEST_1325,0.98538524
TEST_1326,0.9897544
TEST_1327,0.59155095
TEST_1328,0.01029585
TEST_1329,0.2683273
TEST_1330,0.01251172
TEST_1331,0.9951507
TEST_1332,0.9945834
TEST_1333,0.009892279
TEST_1334,0.3605579
TEST_1335,0.022028351
TEST_1336,0.026235806
TEST_1337,0.16015075
TEST_1338,0.028240804
TEST_1339,0.97649515
TEST_1340,0.01049624
TEST_1341,0.11975968
TEST_1342,0.99838185
TEST_1343,0.038047045
TEST_1344,0.17781109
TEST_1345,0.29516515
TEST_1346,0.17270637
TEST_1347,0.9810839
TEST_1348,0.7177938
TEST_1349,0.013803541
TEST_1350,0.0070288214
TEST_1351,0.02193471
TEST_1352,0.19205658
TEST_1353,0.0101736225
TEST_1354,0.99452317
TEST_1355,0.9196194
TEST_1356,0.9798197
TEST_1357,0.009430265
TEST_1358,0.99767166
TEST_1359,0.99690956
TEST_1360,0.9959751
TEST_1361,0.9930067
TEST_1362,0.9993742
TEST_1363,0.9952099
TEST_1364,0.5740664
TEST_1365,0.98645765
TEST_1366,0.031360347
TEST_1367,0.01065013
TEST_1368,0.009975626
TEST_1369,0.008177477
TEST_1370,0.6717538
TEST_1371,0.15302902
TEST_1372,0.9917617
TEST_1373,0.021509336
TEST_1374,0.42438293
TEST_1375,0.97982544
TEST_1376,0.07546914
TEST_1377,0.9949485
TEST_1378,0.062216032
TEST_1379,0.6591642
TEST_1380,0.013141019
TEST_1381,0.85369414
TEST_1382,0.032761972
TEST_1383,0.65318376
TEST_1384,0.976259
TEST_1385,0.025228819
TEST_1386,0.00766256
TEST_1387,0.5470678
TEST_1388,0.77458894
TEST_1389,0.9933641
TEST_1390,0.053362496
TEST_1391,0.9902222
TEST_1392,0.018459588
TEST_1393,0.9817085
TEST_1394,0.9883188
TEST_1395,0.99482024
TEST_1396,0.008497496
TEST_1397,0.026080031
TEST_1398,0.9685365
TEST_1399,0.9887475
TEST_1400,0.03558067
TEST_1401,0.0104970625
TEST_1402,0.14358355
TEST_1403,0.9670949
TEST_1404,0.012009896
TEST_1405,0.98999995
TEST_1406,0.9357818
TEST_1407,0.0909513
TEST_1408,0.011851379
TEST_1409,0.33045092
TEST_1410,0.04853818
TEST_1411,0.00841277
TEST_1412,0.064003915
TEST_1413,0.41616794
TEST_1414,0.023939729
TEST_1415,0.077631585
TEST_1416,0.017781407
TEST_1417,0.010313842
TEST_1418,0.010647769
TEST_1419,0.015815193
TEST_1420,0.023237173
TEST_1421,0.01863133
TEST_1422,0.040064428
TEST_1423,0.011353314
TEST_1424,0.02383697
TEST_1425,0.015331053
TEST_1426,0.015216291
TEST_1427,0.09813303
TEST_1428,0.041794516
TEST_1429,0.012049613
TEST_1430,0.023761416
TEST_1431,0.015563156
TEST_1432,0.05015067
TEST_1433,0.008929182
TEST_1434,0.025686802
TEST_1435,0.98495066
TEST_1436,0.07243924
TEST_1437,0.6154389
TEST_1438,0.9800031
TEST_1439,0.03451625
TEST_1440,0.023878185
TEST_1441,0.28408065
TEST_1442,0.033731405
TEST_1443,0.94074404
TEST_1444,0.93418264
TEST_1445,0.016269553
TEST_1446,0.030514922
TEST_1447,0.91030896
TEST_1448,0.60666555
TEST_1449,0.027985817
TEST_1450,0.0079348115
TEST_1451,0.015463939
TEST_1452,0.0069203475
TEST_1453,0.22937655
TEST_1454,0.23031539
TEST_1455,0.022967942
TEST_1456,0.021246877
TEST_1457,0.01800282
TEST_1458,0.009266892
TEST_1459,0.119805805
TEST_1460,0.5141541
TEST_1461,0.13747355
TEST_1462,0.15395561
TEST_1463,0.35946348
TEST_1464,0.011612174
TEST_1465,0.9001669
TEST_1466,0.990114
TEST_1467,0.010470776
TEST_1468,0.013795715
TEST_1469,0.0158901
TEST_1470,0.022396129
TEST_1471,0.038650647
TEST_1472,0.01835854
TEST_1473,0.29157218
TEST_1474,0.018814957
TEST_1475,0.028125988
TEST_1476,0.017210301
TEST_1477,0.015012562
TEST_1478,0.019377967
TEST_1479,0.018433107
TEST_1480,0.234354
TEST_1481,0.018268028
TEST_1482,0.23229983
TEST_1483,0.98074496
TEST_1484,0.02722429
TEST_1485,0.20837027
TEST_1486,0.008756582
TEST_1487,0.011105259
TEST_1488,0.010505782
TEST_1489,0.056808814
TEST_1490,0.9756738
TEST_1491,0.97018796
TEST_1492,0.018540177
TEST_1493,0.2626988
TEST_1494,0.9835708
TEST_1495,0.02183947
TEST_1496,0.9555888
TEST_1497,0.009377682
TEST_1498,0.008488742
TEST_1499,0.008995957
TEST_1500,0.026762353
TEST_1501,0.009495969
TEST_1502,0.007336007
TEST_1503,0.035726856
TEST_1504,0.5058207
TEST_1505,0.019355608
TEST_1506,0.020601578
TEST_1507,0.06263216
TEST_1508,0.99608
TEST_1509,0.012936137
TEST_1510,0.046825163
TEST_1511,0.035605814
TEST_1512,0.027952313
TEST_1513,0.10048097
TEST_1514,0.007498193
TEST_1515,0.022244524
TEST_1516,0.30015433
TEST_1517,0.022656558
TEST_1518,0.00547211
TEST_1519,0.09143583
TEST_1520,0.019275742
TEST_1521,0.01529422
TEST_1522,0.008811142
TEST_1523,0.014136423
TEST_1524,0.039817404
TEST_1525,0.014013836
TEST_1526,0.011617155
TEST_1527,0.3388138
TEST_1528,0.0568826
TEST_1529,0.011526531
TEST_1530,0.9920513
TEST_1531,0.04293577
TEST_1532,0.716675
TEST_1533,0.031842683
TEST_1534,0.13582581
TEST_1535,0.021673733
TEST_1536,0.28092727
TEST_1537,0.9623808
TEST_1538,0.02415601
TEST_1539,0.013238137
TEST_1540,0.46484044
TEST_1541,0.07893048
TEST_1542,0.98318166
TEST_1543,0.019802323
TEST_1544,0.02742243
TEST_1545,0.02035735
TEST_1546,0.029261623
TEST_1547,0.006691247
TEST_1548,0.012657755
TEST_1549,0.26279557
TEST_1550,0.10945467
TEST_1551,0.1256975
TEST_1552,0.016042367
TEST_1553,0.052974094
TEST_1554,0.19192784
TEST_1555,0.02958463
TEST_1556,0.052703068
TEST_1557,0.16558668
TEST_1558,0.006459752
TEST_1559,0.009445717
TEST_1560,0.52369803
TEST_1561,0.957299
TEST_1562,0.05823988
TEST_1563,0.0074644582
TEST_1564,0.03392445
TEST_1565,0.015918123
TEST_1566,0.0148528665
TEST_1567,0.025700398
TEST_1568,0.039850343
TEST_1569,0.2667576
TEST_1570,0.026412494
TEST_1571,0.007833594
TEST_1572,0.9954253
TEST_1573,0.9959092
TEST_1574,0.017080018
TEST_1575,0.008212264
TEST_1576,0.069316536
TEST_1577,0.8671792
TEST_1578,0.014503805
TEST_1579,0.17329717
TEST_1580,0.08166712
TEST_1581,0.07096762
TEST_1582,0.9120223
TEST_1583,0.04543522
TEST_1584,0.030857109
TEST_1585,0.02324945
TEST_1586,0.86958885
TEST_1587,0.07285199
TEST_1588,0.0096538
TEST_1589,0.35231385
TEST_1590,0.02009847
TEST_1591,0.042223837
TEST_1592,0.5534023
TEST_1593,0.005924078
TEST_1594,0.8208396
TEST_1595,0.109741054
TEST_1596,0.11241255
TEST_1597,0.9103814
TEST_1598,0.05710024
TEST_1599,0.033201586
TEST_1600,0.023320558
TEST_1601,0.16008097
TEST_1602,0.037166618
TEST_1603,0.023935433
TEST_1604,0.15219942
TEST_1605,0.0121284155
TEST_1606,0.05951966
TEST_1607,0.67052925
TEST_1608,0.10306471
TEST_1609,0.02473775
TEST_1610,0.029635014
TEST_1611,0.3288207
TEST_1612,0.0127352085
TEST_1613,0.044627078
TEST_1614,0.03553103
TEST_1615,0.04716608
TEST_1616,0.099221684
TEST_1617,0.97879076
TEST_1618,0.09739606
TEST_1619,0.05270838
TEST_1620,0.013520563
TEST_1621,0.056252763
TEST_1622,0.9536939
TEST_1623,0.019270437
TEST_1624,0.037468452
TEST_1625,0.049587846
TEST_1626,0.026834657
TEST_1627,0.020764166
TEST_1628,0.06895048
TEST_1629,0.9147412
TEST_1630,0.014209923
TEST_1631,0.0210644
TEST_1632,0.028204344
TEST_1633,0.012684773
TEST_1634,0.010480968
TEST_1635,0.025313387
TEST_1636,0.008645273
TEST_1637,0.019724678
TEST_1638,0.015302467
TEST_1639,0.02049399
TEST_1640,0.91056764
TEST_1641,0.12654613
TEST_1642,0.010292566
TEST_1643,0.06522788
TEST_1644,0.95635384
TEST_1645,0.054992493
TEST_1646,0.02845912
TEST_1647,0.20557293
TEST_1648,0.2602201
TEST_1649,0.020573415
TEST_1650,0.9193219
TEST_1651,0.020346692
TEST_1652,0.99371207
TEST_1653,0.015890619
TEST_1654,0.007810544
TEST_1655,0.0073401616
TEST_1656,0.01990742
TEST_1657,0.03674819
TEST_1658,0.028629625
TEST_1659,0.013822365
TEST_1660,0.03503398
TEST_1661,0.24020007
TEST_1662,0.015352217
TEST_1663,0.82537824
TEST_1664,0.054924477
TEST_1665,0.9286958
TEST_1666,0.012320145
TEST_1667,0.012912581
TEST_1668,0.30147168
TEST_1669,0.015028239
TEST_1670,0.54223204
TEST_1671,0.99666625
TEST_1672,0.99622166
TEST_1673,0.046998337
TEST_1674,0.8896768
TEST_1675,0.16053237
TEST_1676,0.990348
TEST_1677,0.07910603
TEST_1678,0.9614319
TEST_1679,0.022266459
TEST_1680,0.6988741
TEST_1681,0.9766975
TEST_1682,0.06070189
TEST_1683,0.9628427
TEST_1684,0.30233535
TEST_1685,0.9941869
TEST_1686,0.9941544
TEST_1687,0.017920183
TEST_1688,0.017400479
TEST_1689,0.03631933
TEST_1690,0.017052557
TEST_1691,0.011309658
TEST_1692,0.014024868
TEST_1693,0.018368907
TEST_1694,0.008046067
TEST_1695,0.013908911
TEST_1696,0.012877645
TEST_1697,0.02016499
TEST_1698,0.9973375
TEST_1699,0.12202455
TEST_1700,0.10327746
TEST_1701,0.04814642
TEST_1702,0.009063959
TEST_1703,0.033956047
TEST_1704,0.0110277645
TEST_1705,0.0063818833
TEST_1706,0.010858806
TEST_1707,0.0065528406
TEST_1708,0.038469262
TEST_1709,0.021298418
TEST_1710,0.999025
TEST_1711,0.99483734
TEST_1712,0.9987696
TEST_1713,0.9973047
TEST_1714,0.9995586
TEST_1715,0.03407132
TEST_1716,0.44663042
TEST_1717,0.007119649
TEST_1718,0.032345094
TEST_1719,0.00833428
TEST_1720,0.00891992
TEST_1721,0.042932414
TEST_1722,0.02231359
TEST_1723,0.9743387
TEST_1724,0.012698797
TEST_1725,0.017860444
TEST_1726,0.011131977
TEST_1727,0.015152358
TEST_1728,0.0070190197
TEST_1729,0.008846987
TEST_1730,0.05441178
TEST_1731,0.009092038
TEST_1732,0.012216198
TEST_1733,0.03665601
TEST_1734,0.4536532
TEST_1735,0.021598699
TEST_1736,0.99868554
TEST_1737,0.997926
TEST_1738,0.9897601
TEST_1739,0.99598503
TEST_1740,0.9931971
TEST_1741,0.99825877
TEST_1742,0.9955173
TEST_1743,0.9913589
TEST_1744,0.99303365
TEST_1745,0.99707365
TEST_1746,0.015061293
TEST_1747,0.025728077
TEST_1748,0.9657502
TEST_1749,0.12600058
TEST_1750,0.9003276
TEST_1751,0.016192568
TEST_1752,0.011411591
TEST_1753,0.27406347
TEST_1754,0.9897692
TEST_1755,0.014838988
TEST_1756,0.91352177
TEST_1757,0.9920771
TEST_1758,0.027223693
TEST_1759,0.07783476
TEST_1760,0.22042435
TEST_1761,0.011195971
TEST_1762,0.013915623
TEST_1763,0.006515144
TEST_1764,0.9209027
TEST_1765,0.01834775
TEST_1766,0.016838605
TEST_1767,0.10977661
TEST_1768,0.13747184
TEST_1769,0.025442028
TEST_1770,0.07990425
TEST_1771,0.010133396
TEST_1772,0.35682926
TEST_1773,0.022024877
TEST_1774,0.008693959
TEST_1775,0.023748862
TEST_1776,0.027777923
TEST_1777,0.03312264
TEST_1778,0.057383563
TEST_1779,0.016924176
TEST_1780,0.14825088
TEST_1781,0.9995938
TEST_1782,0.93386483
TEST_1783,0.0104294345
TEST_1784,0.0060835714
TEST_1785,0.99233717
TEST_1786,0.0075347684
TEST_1787,0.025032
TEST_1788,0.99415743
TEST_1789,0.99501747
TEST_1790,0.9985644
TEST_1791,0.99141425
TEST_1792,0.99839467
TEST_1793,0.005751978
TEST_1794,0.9871399
TEST_1795,0.04398072
TEST_1796,0.024974873
TEST_1797,0.015330752
TEST_1798,0.044527996
TEST_1799,0.6298391
TEST_1800,0.74640125
TEST_1801,0.18589984
TEST_1802,0.01032979
TEST_1803,0.031724762
TEST_1804,0.009838297
TEST_1805,0.016311098
TEST_1806,0.9375399
TEST_1807,0.9835383
TEST_1808,0.020265784
TEST_1809,0.03194763
TEST_1810,0.0056092707
TEST_1811,0.10640439
TEST_1812,0.0523438
TEST_1813,0.0076530953
TEST_1814,0.006017875
TEST_1815,0.79825777
TEST_1816,0.014905641
TEST_1817,0.9445223
TEST_1818,0.7372529
TEST_1819,0.08584651
TEST_1820,0.02268337
TEST_1821,0.010889034
TEST_1822,0.06786954
TEST_1823,0.010425617
TEST_1824,0.012912807
TEST_1825,0.41511914
TEST_1826,0.9213741
TEST_1827,0.010512814
TEST_1828,0.23487476
TEST_1829,0.14499357
TEST_1830,0.019709514
TEST_1831,0.8478701
TEST_1832,0.048474513
TEST_1833,0.011662434
TEST_1834,0.036351245
TEST_1835,0.032500893
TEST_1836,0.6771115
TEST_1837,0.072958626
TEST_1838,0.015752768
TEST_1839,0.01614163
TEST_1840,0.16085544
TEST_1841,0.02264442
TEST_1842,0.05480702
TEST_1843,0.016565252
TEST_1844,0.6279286
TEST_1845,0.48389938
TEST_1846,0.9508844
TEST_1847,0.69424534
TEST_1848,0.034366634
TEST_1849,0.12227423
TEST_1850,0.016912203
TEST_1851,0.9703986
TEST_1852,0.016703913
TEST_1853,0.022944422
TEST_1854,0.007863824
TEST_1855,0.02053393
TEST_1856,0.98194075
TEST_1857,0.3085504
TEST_1858,0.009553861
TEST_1859,0.010891045
TEST_1860,0.029548366
TEST_1861,0.04028699
TEST_1862,0.04360314
TEST_1863,0.006362205
TEST_1864,0.008178373
TEST_1865,0.009285342
TEST_1866,0.7962535
TEST_1867,0.99556595
TEST_1868,0.009248812
TEST_1869,0.6871739
TEST_1870,0.008349112
TEST_1871,0.051556025
TEST_1872,0.011375632
TEST_1873,0.25410312
TEST_1874,0.02890813
TEST_1875,0.73721313
TEST_1876,0.937678
TEST_1877,0.9913263
TEST_1878,0.015133627
TEST_1879,0.029289283
TEST_1880,0.011028086
TEST_1881,0.064482264
TEST_1882,0.10983564
TEST_1883,0.75848013
TEST_1884,0.01642988
TEST_1885,0.012878585
TEST_1886,0.4511502
TEST_1887,0.038256798
TEST_1888,0.040606957
TEST_1889,0.080483854
TEST_1890,0.78700644
TEST_1891,0.110628694
TEST_1892,0.98428494
TEST_1893,0.88941544
TEST_1894,0.999681
TEST_1895,0.015954455
TEST_1896,0.16673753
TEST_1897,0.9548505
TEST_1898,0.7701851
TEST_1899,0.16355897
TEST_1900,0.99076813
TEST_1901,0.30293694
TEST_1902,0.010713506
TEST_1903,0.86664677
TEST_1904,0.033072837
TEST_1905,0.042545397
TEST_1906,0.9710923
TEST_1907,0.9981875
TEST_1908,0.9740951
TEST_1909,0.056240294
TEST_1910,0.02164
TEST_1911,0.051270932
TEST_1912,0.8900848
TEST_1913,0.05674178
TEST_1914,0.010402344
TEST_1915,0.9900918
TEST_1916,0.776816
TEST_1917,0.99181
TEST_1918,0.9822947
TEST_1919,0.99967587
TEST_1920,0.03836629
TEST_1921,0.99963415
TEST_1922,0.022461075
TEST_1923,0.01133013
TEST_1924,0.940055
TEST_1925,0.38578138
TEST_1926,0.72220963
TEST_1927,0.7955612
TEST_1928,0.99429333
TEST_1929,0.058884013
TEST_1930,0.14219302
TEST_1931,0.0763354
TEST_1932,0.005895421
TEST_1933,0.008523806
TEST_1934,0.013669855
TEST_1935,0.0076596234
TEST_1936,0.008064745
TEST_1937,0.007862284
TEST_1938,0.99880576
TEST_1939,0.006480608
TEST_1940,0.99949956
TEST_1941,0.99930596
TEST_1942,0.33189538
TEST_1943,0.039761283
TEST_1944,0.4112626
TEST_1945,0.31252578
TEST_1946,0.022500338
TEST_1947,0.012521775
TEST_1948,0.0058018174
TEST_1949,0.008860603
TEST_1950,0.03617488
TEST_1951,0.34931308
TEST_1952,0.011248941
TEST_1953,0.022515548
TEST_1954,0.0092160115
TEST_1955,0.95787823
TEST_1956,0.008611093
TEST_1957,0.7289412
TEST_1958,0.9925575
TEST_1959,0.042247996
TEST_1960,0.006775197
TEST_1961,0.0068618963
